label,column,cluster,direction,low_pct,high_pct,source
Anaemia,Hemoglobin,0,low,7.1,14.4,cluster
Anaemia,Hemoglobin,1,low,11.8,16.7,cluster
Anaemia,Hemoglobin,2,low,9.2,15.1,cluster
Anaemia,Hemoglobin,3,low,10.8,16.3,cluster
Anaemia,Hemoglobin,4,low,11.09,15.7,cluster
Anaemia,RBC Count,0,low,2.4395,5.15,cluster
Anaemia,RBC Count,1,low,4.08,5.86,cluster
Anaemia,RBC Count,2,low,3.6,5.59,cluster
Anaemia,RBC Count,3,low,4.0,5.76,cluster
Anaemia,RBC Count,4,low,3.6,5.682,cluster
Anaemia,MCV,0,low,76.495,102.205,cluster
Anaemia,MCV,1,low,78.6,102.0,cluster
Anaemia,MCV,2,low,67.4095,99.3,cluster
Anaemia,MCV,3,low,73.0,95.9,cluster
Anaemia,MCV,4,low,86.75,91.22,cluster
Anaemia,MCH,0,low,24.3,32.9,cluster
Anaemia,MCH,1,low,25.2,33.4,cluster
Anaemia,MCH,2,low,20.4,32.3,cluster
Anaemia,MCH,3,low,23.1,32.0,cluster
Anaemia,MCH,4,low,28.6,30.96,cluster
Anaemia,MCHC,0,low,29.1,34.6015,cluster
Anaemia,MCHC,1,low,29.2,35.1,cluster
Anaemia,MCHC,2,low,28.2,34.6,cluster
Anaemia,MCHC,3,low,30.3,35.1,cluster
Anaemia,MCHC,4,low,30.59,34.64,cluster
Anaemia,MCHC,0,low,29.1,34.6015,cluster
Anaemia,MCHC,1,low,29.2,35.1,cluster
Anaemia,MCHC,2,low,28.2,34.6,cluster
Anaemia,MCHC,3,low,30.3,35.1,cluster
Anaemia,MCHC,4,low,30.59,34.64,cluster
Diabetes_Risk,HbA1c,0,high,5.095,9.5,cluster
Diabetes_Risk,HbA1c,1,high,5.1,9.8,cluster
Diabetes_Risk,HbA1c,2,high,5.0,9.2,cluster
Diabetes_Risk,HbA1c,3,high,5.0,9.9,cluster
Diabetes_Risk,HbA1c,4,high,5.2,10.24,cluster
Diabetes_Risk,HbA1c_missing,0,high,0.0,1.0,cluster
Diabetes_Risk,HbA1c_missing,1,high,0.0,1.0,cluster
Diabetes_Risk,HbA1c_missing,2,high,0.0,1.0,cluster
Diabetes_Risk,HbA1c_missing,3,high,0.0,1.0,cluster
Diabetes_Risk,HbA1c_missing,4,high,0.0,1.0,cluster
Diabetes_Risk,Estimated Average Glucose (eAG),0,high,97.0,226.141,cluster
Diabetes_Risk,Estimated Average Glucose (eAG),1,high,97.0,240.0,cluster
Diabetes_Risk,Estimated Average Glucose (eAG),2,high,96.8,217.34,cluster
Diabetes_Risk,Estimated Average Glucose (eAG),3,high,99.67,237.43,cluster
Diabetes_Risk,Estimated Average Glucose (eAG),4,high,107.108,273.4,cluster
Diabetes_Risk,Glucose Fasting,0,high,72.0,232.15,cluster
Diabetes_Risk,Glucose Fasting,1,high,80.0,197.313,cluster
Diabetes_Risk,Glucose Fasting,2,high,79.21,172.604,cluster
Diabetes_Risk,Glucose Fasting,3,high,80.0,210.0,cluster
Diabetes_Risk,Glucose Fasting,4,high,83.9,381.0514,cluster
Diabetes_Risk,Estimated Average Glucose (eAG)_missing,0,high,0.0,1.0,cluster
Diabetes_Risk,Estimated Average Glucose (eAG)_missing,1,high,0.0,1.0,cluster
Diabetes_Risk,Estimated Average Glucose (eAG)_missing,2,high,0.0,1.0,cluster
Diabetes_Risk,Estimated Average Glucose (eAG)_missing,3,high,0.0,1.0,cluster
Diabetes_Risk,Estimated Average Glucose (eAG)_missing,4,high,0.0,1.0,cluster
Diabetes_Risk,Glucose Fasting_missing,0,high,0.0,1.0,cluster
Diabetes_Risk,Glucose Fasting_missing,1,high,0.0,1.0,cluster
Diabetes_Risk,Glucose Fasting_missing,2,high,0.0,1.0,cluster
Diabetes_Risk,Glucose Fasting_missing,3,high,0.0,1.0,cluster
Diabetes_Risk,Glucose Fasting_missing,4,high,0.0,1.0,cluster
Dyslipidemia,HDL Cholesterol,0,high,24.294,62.13,cluster
Dyslipidemia,HDL Cholesterol,1,high,28.319,60.0,cluster
Dyslipidemia,HDL Cholesterol,2,high,29.8585,66.0,cluster
Dyslipidemia,HDL Cholesterol,3,high,30.0,62.221,cluster
Dyslipidemia,HDL Cholesterol,4,high,29.0,73.1,cluster
Dyslipidemia,LDL Cholesterol,0,high,36.91,153.043,cluster
Dyslipidemia,LDL Cholesterol,1,high,76.5,185.524,cluster
Dyslipidemia,LDL Cholesterol,2,high,41.0,131.0,cluster
Dyslipidemia,LDL Cholesterol,3,high,59.8,178.0,cluster
Dyslipidemia,LDL Cholesterol,4,high,60.96,155.5,cluster
Dyslipidemia,Non HDL Cholesterol,0,high,56.0,183.0,cluster
Dyslipidemia,Non HDL Cholesterol,1,high,118.0,222.0,cluster
Dyslipidemia,Non HDL Cholesterol,2,high,65.7965,150.0,cluster
Dyslipidemia,Non HDL Cholesterol,3,high,88.3,208.235,cluster
Dyslipidemia,Non HDL Cholesterol,4,high,95.7,176.2,cluster
Dyslipidemia,TC/ HDL CHOLESTEROL RATIO,0,high,2.38,6.051,cluster
Dyslipidemia,TC/ HDL CHOLESTEROL RATIO,1,high,3.5,7.3,cluster
Dyslipidemia,TC/ HDL CHOLESTEROL RATIO,2,high,2.3,4.82,cluster
Dyslipidemia,TC/ HDL CHOLESTEROL RATIO,3,high,2.74,6.51,cluster
Dyslipidemia,TC/ HDL CHOLESTEROL RATIO,4,high,2.89,5.82,cluster
Dyslipidemia,TOTAL CHOLESTEROL,0,high,87.0,241.045,cluster
Dyslipidemia,TOTAL CHOLESTEROL,1,high,149.6915,275.0,cluster
Dyslipidemia,TOTAL CHOLESTEROL,2,high,101.0,209.0,cluster
Dyslipidemia,TOTAL CHOLESTEROL,3,high,124.0,262.5,cluster
Dyslipidemia,TOTAL CHOLESTEROL,4,high,127.9,225.2,cluster
Dyslipidemia,VLDL CHOLESTEROL,0,high,12.2,58.724,cluster
Dyslipidemia,VLDL CHOLESTEROL,1,high,17.0,78.102,cluster
Dyslipidemia,VLDL CHOLESTEROL,2,high,11.2,45.8,cluster
Dyslipidemia,VLDL CHOLESTEROL,3,high,12.4,54.4,cluster
Dyslipidemia,VLDL CHOLESTEROL,4,high,12.9,60.4,cluster
Dyslipidemia,Non HDL Cholesterol_missing,0,high,0.0,1.0,cluster
Dyslipidemia,Non HDL Cholesterol_missing,1,high,0.0,1.0,cluster
Dyslipidemia,Non HDL Cholesterol_missing,2,high,0.0,1.0,cluster
Dyslipidemia,Non HDL Cholesterol_missing,3,high,0.0,1.0,cluster
Dyslipidemia,Non HDL Cholesterol_missing,4,high,0.0,0.0,cluster
Dyslipidemia,LDL / HDL RATIO,0,high,1.0,3.752,cluster
Dyslipidemia,LDL / HDL RATIO,1,high,1.9,4.7,cluster
Dyslipidemia,LDL / HDL RATIO,2,high,0.97,3.0,cluster
Dyslipidemia,LDL / HDL RATIO,3,high,1.36,4.29,cluster
Dyslipidemia,LDL / HDL RATIO,4,high,2.43,2.43,cluster
Dyslipidemia,LDL Cholesterol,0,high,36.91,153.043,cluster
Dyslipidemia,LDL Cholesterol,1,high,76.5,185.524,cluster
Dyslipidemia,LDL Cholesterol,2,high,41.0,131.0,cluster
Dyslipidemia,LDL Cholesterol,3,high,59.8,178.0,cluster
Dyslipidemia,LDL Cholesterol,4,high,60.96,155.5,cluster
Dyslipidemia,VLDL CHOLESTEROL,0,high,12.2,58.724,cluster
Dyslipidemia,VLDL CHOLESTEROL,1,high,17.0,78.102,cluster
Dyslipidemia,VLDL CHOLESTEROL,2,high,11.2,45.8,cluster
Dyslipidemia,VLDL CHOLESTEROL,3,high,12.4,54.4,cluster
Dyslipidemia,VLDL CHOLESTEROL,4,high,12.9,60.4,cluster
Dyslipidemia,LDL / HDL RATIO_missing,0,high,0.0,1.0,cluster
Dyslipidemia,LDL / HDL RATIO_missing,1,high,0.0,1.0,cluster
Dyslipidemia,LDL / HDL RATIO_missing,2,high,0.0,1.0,cluster
Dyslipidemia,LDL / HDL RATIO_missing,3,high,0.0,1.0,cluster
Dyslipidemia,LDL / HDL RATIO_missing,4,high,0.0,1.0,cluster
Dyslipidemia,Triglycerides,0,high,59.57,308.15,cluster
Dyslipidemia,Triglycerides,1,high,83.0,424.405,cluster
Dyslipidemia,Triglycerides,2,high,55.2,235.0,cluster
Dyslipidemia,Triglycerides,3,high,61.0,315.0,cluster
Dyslipidemia,Triglycerides,4,high,59.8,278.4,cluster
Dyslipidemia,VLDL CHOLESTEROL,0,high,12.2,58.724,cluster
Dyslipidemia,VLDL CHOLESTEROL,1,high,17.0,78.102,cluster
Dyslipidemia,VLDL CHOLESTEROL,2,high,11.2,45.8,cluster
Dyslipidemia,VLDL CHOLESTEROL,3,high,12.4,54.4,cluster
Dyslipidemia,VLDL CHOLESTEROL,4,high,12.9,60.4,cluster
Dyslipidemia,HDL Cholesterol,0,low,24.294,62.13,cluster
Dyslipidemia,HDL Cholesterol,1,low,28.319,60.0,cluster
Dyslipidemia,HDL Cholesterol,2,low,29.8585,66.0,cluster
Dyslipidemia,HDL Cholesterol,3,low,30.0,62.221,cluster
Dyslipidemia,HDL Cholesterol,4,low,29.0,73.1,cluster
Dyslipidemia,LDL / HDL RATIO,0,low,1.0,3.752,cluster
Dyslipidemia,LDL / HDL RATIO,1,low,1.9,4.7,cluster
Dyslipidemia,LDL / HDL RATIO,2,low,0.97,3.0,cluster
Dyslipidemia,LDL / HDL RATIO,3,low,1.36,4.29,cluster
Dyslipidemia,LDL / HDL RATIO,4,low,2.43,2.43,cluster
Dyslipidemia,Non HDL Cholesterol,0,low,56.0,183.0,cluster
Dyslipidemia,Non HDL Cholesterol,1,low,118.0,222.0,cluster
Dyslipidemia,Non HDL Cholesterol,2,low,65.7965,150.0,cluster
Dyslipidemia,Non HDL Cholesterol,3,low,88.3,208.235,cluster
Dyslipidemia,Non HDL Cholesterol,4,low,95.7,176.2,cluster
Dyslipidemia,TC/ HDL CHOLESTEROL RATIO,0,low,2.38,6.051,cluster
Dyslipidemia,TC/ HDL CHOLESTEROL RATIO,1,low,3.5,7.3,cluster
Dyslipidemia,TC/ HDL CHOLESTEROL RATIO,2,low,2.3,4.82,cluster
Dyslipidemia,TC/ HDL CHOLESTEROL RATIO,3,low,2.74,6.51,cluster
Dyslipidemia,TC/ HDL CHOLESTEROL RATIO,4,low,2.89,5.82,cluster
Dyslipidemia,LDL / HDL RATIO_missing,0,low,0.0,1.0,cluster
Dyslipidemia,LDL / HDL RATIO_missing,1,low,0.0,1.0,cluster
Dyslipidemia,LDL / HDL RATIO_missing,2,low,0.0,1.0,cluster
Dyslipidemia,LDL / HDL RATIO_missing,3,low,0.0,1.0,cluster
Dyslipidemia,LDL / HDL RATIO_missing,4,low,0.0,1.0,cluster
Dyslipidemia,Non HDL Cholesterol_missing,0,low,0.0,1.0,cluster
Dyslipidemia,Non HDL Cholesterol_missing,1,low,0.0,1.0,cluster
Dyslipidemia,Non HDL Cholesterol_missing,2,low,0.0,1.0,cluster
Dyslipidemia,Non HDL Cholesterol_missing,3,low,0.0,1.0,cluster
Dyslipidemia,Non HDL Cholesterol_missing,4,low,0.0,0.0,cluster
Kidney_Risk,BUN / SR.CREATININE RATIO,0,high,5.9895,24.377,cluster
Kidney_Risk,BUN / SR.CREATININE RATIO,1,high,8.72,19.8005,cluster
Kidney_Risk,BUN / SR.CREATININE RATIO,2,high,9.6,21.5,cluster
Kidney_Risk,BUN / SR.CREATININE RATIO,3,high,9.46,19.85,cluster
Kidney_Risk,BUN / SR.CREATININE RATIO,4,high,13.7,13.7,cluster
Kidney_Risk,Creatinine,0,high,0.8,13.0287,cluster
Kidney_Risk,Creatinine,1,high,0.59,1.2,cluster
Kidney_Risk,Creatinine,2,high,0.52,1.21,cluster
Kidney_Risk,Creatinine,3,high,0.5,1.1,cluster
Kidney_Risk,Creatinine,4,high,0.6,1.218,cluster
Kidney_Risk,BUN / SR.CREATININE RATIO_missing,0,high,0.0,1.0,cluster
Kidney_Risk,BUN / SR.CREATININE RATIO_missing,1,high,0.0,1.0,cluster
Kidney_Risk,BUN / SR.CREATININE RATIO_missing,2,high,0.0,1.0,cluster
Kidney_Risk,BUN / SR.CREATININE RATIO_missing,3,high,0.0,1.0,cluster
Kidney_Risk,BUN / SR.CREATININE RATIO_missing,4,high,1.0,1.0,cluster
Kidney_Risk,Creatinine_missing,0,high,0.0,1.0,cluster
Kidney_Risk,Creatinine_missing,1,high,0.0,1.0,cluster
Kidney_Risk,Creatinine_missing,2,high,0.0,1.0,cluster
Kidney_Risk,Creatinine_missing,3,high,0.0,1.0,cluster
Kidney_Risk,Creatinine_missing,4,high,0.0,0.0,cluster
Kidney_Risk,BLOOD UREA NITROGEN (BUN),0,high,10.54,62.551,cluster
Kidney_Risk,BLOOD UREA NITROGEN (BUN),1,high,7.0,16.7,cluster
Kidney_Risk,BLOOD UREA NITROGEN (BUN),2,high,6.9,18.0,cluster
Kidney_Risk,BLOOD UREA NITROGEN (BUN),3,high,6.4,16.0535,cluster
Kidney_Risk,BLOOD UREA NITROGEN (BUN),4,high,10.476,10.54,cluster
Kidney_Risk,BUN / SR.CREATININE RATIO,0,high,5.9895,24.377,cluster
Kidney_Risk,BUN / SR.CREATININE RATIO,1,high,8.72,19.8005,cluster
Kidney_Risk,BUN / SR.CREATININE RATIO,2,high,9.6,21.5,cluster
Kidney_Risk,BUN / SR.CREATININE RATIO,3,high,9.46,19.85,cluster
Kidney_Risk,BUN / SR.CREATININE RATIO,4,high,13.7,13.7,cluster
Kidney_Risk,BLOOD UREA NITROGEN (BUN)_missing,0,high,0.0,1.0,cluster
Kidney_Risk,BLOOD UREA NITROGEN (BUN)_missing,1,high,0.0,1.0,cluster
Kidney_Risk,BLOOD UREA NITROGEN (BUN)_missing,2,high,0.0,1.0,cluster
Kidney_Risk,BLOOD UREA NITROGEN (BUN)_missing,3,high,0.0,1.0,cluster
Kidney_Risk,BLOOD UREA NITROGEN (BUN)_missing,4,high,0.0,1.0,cluster
Kidney_Risk,BUN / SR.CREATININE RATIO_missing,0,high,0.0,1.0,cluster
Kidney_Risk,BUN / SR.CREATININE RATIO_missing,1,high,0.0,1.0,cluster
Kidney_Risk,BUN / SR.CREATININE RATIO_missing,2,high,0.0,1.0,cluster
Kidney_Risk,BUN / SR.CREATININE RATIO_missing,3,high,0.0,1.0,cluster
Kidney_Risk,BUN / SR.CREATININE RATIO_missing,4,high,1.0,1.0,cluster
Kidney_Risk,BLOOD UREA NITROGEN (BUN),0,high,10.54,62.551,cluster
Kidney_Risk,BLOOD UREA NITROGEN (BUN),1,high,7.0,16.7,cluster
Kidney_Risk,BLOOD UREA NITROGEN (BUN),2,high,6.9,18.0,cluster
Kidney_Risk,BLOOD UREA NITROGEN (BUN),3,high,6.4,16.0535,cluster
Kidney_Risk,BLOOD UREA NITROGEN (BUN),4,high,10.476,10.54,cluster
Kidney_Risk,Urea,0,high,22.7,173.05,cluster
Kidney_Risk,Urea,1,high,15.8,34.2,cluster
Kidney_Risk,Urea,2,high,15.0395,37.2,cluster
Kidney_Risk,Urea,3,high,14.1,32.6,cluster
Kidney_Risk,Urea,4,high,11.9,282.0,cluster
Kidney_Risk,BLOOD UREA NITROGEN (BUN)_missing,0,high,0.0,1.0,cluster
Kidney_Risk,BLOOD UREA NITROGEN (BUN)_missing,1,high,0.0,1.0,cluster
Kidney_Risk,BLOOD UREA NITROGEN (BUN)_missing,2,high,0.0,1.0,cluster
Kidney_Risk,BLOOD UREA NITROGEN (BUN)_missing,3,high,0.0,1.0,cluster
Kidney_Risk,BLOOD UREA NITROGEN (BUN)_missing,4,high,0.0,1.0,cluster
Kidney_Risk,Urea_missing,0,high,0.0,1.0,cluster
Kidney_Risk,Urea_missing,1,high,0.0,1.0,cluster
Kidney_Risk,Urea_missing,2,high,0.0,1.0,cluster
Kidney_Risk,Urea_missing,3,high,0.0,1.0,cluster
Kidney_Risk,Urea_missing,4,high,0.0,1.0,cluster
Kidney_Risk,Uric Acid,0,high,3.7,10.0005,cluster
Kidney_Risk,Uric Acid,1,high,3.73,8.0,cluster
Kidney_Risk,Uric Acid,2,high,3.03,7.03,cluster
Kidney_Risk,Uric Acid,3,high,3.3,7.2,cluster
Kidney_Risk,Uric Acid,4,high,3.3,8.4,cluster
Kidney_Risk,Uric Acid_missing,0,high,0.0,1.0,cluster
Kidney_Risk,Uric Acid_missing,1,high,0.0,1.0,cluster
Kidney_Risk,Uric Acid_missing,2,high,0.0,1.0,cluster
Kidney_Risk,Uric Acid_missing,3,high,0.0,1.0,cluster
Kidney_Risk,Uric Acid_missing,4,high,0.0,0.0,cluster
Kidney_Risk,EST. GLOMERULAR FILTRATION RATE (eGFR),0,low,18.3416,105.0,cluster
Kidney_Risk,EST. GLOMERULAR FILTRATION RATE (eGFR),1,low,81.0,122.0,cluster
Kidney_Risk,EST. GLOMERULAR FILTRATION RATE (eGFR),2,low,74.0,122.0,cluster
Kidney_Risk,EST. GLOMERULAR FILTRATION RATE (eGFR),3,low,82.0,149.0,cluster
Kidney_Risk,EST. GLOMERULAR FILTRATION RATE (eGFR),4,low,103.499,105.0,cluster
Kidney_Risk,EST. GLOMERULAR FILTRATION RATE (eGFR)_missing,0,low,0.0,1.0,cluster
Kidney_Risk,EST. GLOMERULAR FILTRATION RATE (eGFR)_missing,1,low,0.0,1.0,cluster
Kidney_Risk,EST. GLOMERULAR FILTRATION RATE (eGFR)_missing,2,low,0.0,1.0,cluster
Kidney_Risk,EST. GLOMERULAR FILTRATION RATE (eGFR)_missing,3,low,0.0,1.0,cluster
Kidney_Risk,EST. GLOMERULAR FILTRATION RATE (eGFR)_missing,4,low,0.0,1.0,cluster
Liver_Stress,AST/ALT Ratio,0,high,0.8,1.8715,cluster
Liver_Stress,AST/ALT Ratio,1,high,0.6,1.24,cluster
Liver_Stress,AST/ALT Ratio,2,high,0.81,1.55,cluster
Liver_Stress,AST/ALT Ratio,3,high,0.6,1.51,cluster
Liver_Stress,AST/ALT Ratio,4,high,0.98,0.98,cluster
Liver_Stress,SGPT (ALT),0,high,8.1285,63.67,cluster
Liver_Stress,SGPT (ALT),1,high,13.2095,96.5025,cluster
Liver_Stress,SGPT (ALT),2,high,10.1,51.0,cluster
Liver_Stress,SGPT (ALT),3,high,11.0,60.6,cluster
Liver_Stress,SGPT (ALT),4,high,11.28,63.7,cluster
Liver_Stress,AST/ALT Ratio_missing,0,high,0.0,1.0,cluster
Liver_Stress,AST/ALT Ratio_missing,1,high,0.0,1.0,cluster
Liver_Stress,AST/ALT Ratio_missing,2,high,0.0,1.0,cluster
Liver_Stress,AST/ALT Ratio_missing,3,high,0.0,1.0,cluster
Liver_Stress,AST/ALT Ratio_missing,4,high,1.0,1.0,cluster
Liver_Stress,ASPARTATE AMINOTRANSFERASE (SGOT ),0,high,11.995,52.81,cluster
Liver_Stress,ASPARTATE AMINOTRANSFERASE (SGOT ),1,high,16.0,64.004,cluster
Liver_Stress,ASPARTATE AMINOTRANSFERASE (SGOT ),2,high,14.2,43.0,cluster
Liver_Stress,ASPARTATE AMINOTRANSFERASE (SGOT ),3,high,14.2,39.135,cluster
Liver_Stress,ASPARTATE AMINOTRANSFERASE (SGOT ),4,high,13.95,54.3,cluster
Liver_Stress,AST/ALT Ratio,0,high,0.8,1.8715,cluster
Liver_Stress,AST/ALT Ratio,1,high,0.6,1.24,cluster
Liver_Stress,AST/ALT Ratio,2,high,0.81,1.55,cluster
Liver_Stress,AST/ALT Ratio,3,high,0.6,1.51,cluster
Liver_Stress,AST/ALT Ratio,4,high,0.98,0.98,cluster
Liver_Stress,Glucose Fasting,0,high,72.0,232.15,cluster
Liver_Stress,Glucose Fasting,1,high,80.0,197.313,cluster
Liver_Stress,Glucose Fasting,2,high,79.21,172.604,cluster
Liver_Stress,Glucose Fasting,3,high,80.0,210.0,cluster
Liver_Stress,Glucose Fasting,4,high,83.9,381.0514,cluster
Liver_Stress,ASPARTATE AMINOTRANSFERASE (SGOT )_missing,0,high,0.0,1.0,cluster
Liver_Stress,ASPARTATE AMINOTRANSFERASE (SGOT )_missing,1,high,0.0,1.0,cluster
Liver_Stress,ASPARTATE AMINOTRANSFERASE (SGOT )_missing,2,high,0.0,1.0,cluster
Liver_Stress,ASPARTATE AMINOTRANSFERASE (SGOT )_missing,3,high,0.0,1.0,cluster
Liver_Stress,ASPARTATE AMINOTRANSFERASE (SGOT )_missing,4,high,0.0,0.0,cluster
Liver_Stress,AST/ALT Ratio_missing,0,high,0.0,1.0,cluster
Liver_Stress,AST/ALT Ratio_missing,1,high,0.0,1.0,cluster
Liver_Stress,AST/ALT Ratio_missing,2,high,0.0,1.0,cluster
Liver_Stress,AST/ALT Ratio_missing,3,high,0.0,1.0,cluster
Liver_Stress,AST/ALT Ratio_missing,4,high,1.0,1.0,cluster
Liver_Stress,Glucose Fasting_missing,0,high,0.0,1.0,cluster
Liver_Stress,Glucose Fasting_missing,1,high,0.0,1.0,cluster
Liver_Stress,Glucose Fasting_missing,2,high,0.0,1.0,cluster
Liver_Stress,Glucose Fasting_missing,3,high,0.0,1.0,cluster
Liver_Stress,Glucose Fasting_missing,4,high,0.0,1.0,cluster
Liver_Stress,GAMMA GLUTAMYL TRANSFERASE (GGT),0,high,11.582,98.0,cluster
Liver_Stress,GAMMA GLUTAMYL TRANSFERASE (GGT),1,high,14.5,95.505,cluster
Liver_Stress,GAMMA GLUTAMYL TRANSFERASE (GGT),2,high,11.0,54.0,cluster
Liver_Stress,GAMMA GLUTAMYL TRANSFERASE (GGT),3,high,13.0,60.435,cluster
Liver_Stress,GAMMA GLUTAMYL TRANSFERASE (GGT),4,high,15.56,24.4,cluster
Liver_Stress,GAMMA GLUTAMYL TRANSFERASE (GGT)_missing,0,high,0.0,1.0,cluster
Liver_Stress,GAMMA GLUTAMYL TRANSFERASE (GGT)_missing,1,high,0.0,1.0,cluster
Liver_Stress,GAMMA GLUTAMYL TRANSFERASE (GGT)_missing,2,high,0.0,1.0,cluster
Liver_Stress,GAMMA GLUTAMYL TRANSFERASE (GGT)_missing,3,high,0.0,1.0,cluster
Liver_Stress,GAMMA GLUTAMYL TRANSFERASE (GGT)_missing,4,high,0.0,1.0,cluster
Liver_Stress,Bilirubin Direct,0,high,0.07,0.521,cluster
Liver_Stress,Bilirubin Direct,1,high,0.09,0.4,cluster
Liver_Stress,Bilirubin Direct,2,high,0.09,0.4,cluster
Liver_Stress,Bilirubin Direct,3,high,0.1,0.4,cluster
Liver_Stress,Bilirubin Direct,4,high,0.149,0.344,cluster
Liver_Stress,Bilirubin Indirect,0,high,0.1,0.8005,cluster
Liver_Stress,Bilirubin Indirect,1,high,0.2,1.01,cluster
Liver_Stress,Bilirubin Indirect,2,high,0.14,0.8,cluster
Liver_Stress,Bilirubin Indirect,3,high,0.18,0.95,cluster
Liver_Stress,Bilirubin Indirect,4,high,0.4,0.579,cluster
Liver_Stress,Bilirubin Total,0,high,0.21,1.162,cluster
Liver_Stress,Bilirubin Total,1,high,0.32,1.33,cluster
Liver_Stress,Bilirubin Total,2,high,0.3,1.12,cluster
Liver_Stress,Bilirubin Total,3,high,0.3,1.33,cluster
Liver_Stress,Bilirubin Total,4,high,0.503,15.6145,cluster
Liver_Stress,ALKALINE PHOSPHATASE,0,high,53.0,226.15,cluster
Liver_Stress,ALKALINE PHOSPHATASE,1,high,53.7,144.904,cluster
Liver_Stress,ALKALINE PHOSPHATASE,2,high,50.5,143.0,cluster
Liver_Stress,ALKALINE PHOSPHATASE,3,high,51.3,124.7245,cluster
Liver_Stress,ALKALINE PHOSPHATASE,4,high,74.15,84.0,cluster
Liver_Stress,ALKALINE PHOSPHATASE_missing,0,high,0.0,1.0,cluster
Liver_Stress,ALKALINE PHOSPHATASE_missing,1,high,0.0,1.0,cluster
Liver_Stress,ALKALINE PHOSPHATASE_missing,2,high,0.0,1.0,cluster
Liver_Stress,ALKALINE PHOSPHATASE_missing,3,high,0.0,1.0,cluster
Liver_Stress,ALKALINE PHOSPHATASE_missing,4,high,0.0,1.0,cluster
Thyroid_Abnormal,THYROID STIMULATING HORMONE (TSH),0,both,0.7557,10.17,cluster
Thyroid_Abnormal,THYROID STIMULATING HORMONE (TSH),1,both,1.01,7.99,cluster
Thyroid_Abnormal,THYROID STIMULATING HORMONE (TSH),2,both,0.88,7.8305,cluster
Thyroid_Abnormal,THYROID STIMULATING HORMONE (TSH),3,both,1.04,7.47,cluster
Thyroid_Abnormal,THYROID STIMULATING HORMONE (TSH),4,both,0.993,40.3,cluster
Thyroid_Abnormal,THYROID STIMULATING HORMONE (TSH)_missing,0,both,0.0,1.0,cluster
Thyroid_Abnormal,THYROID STIMULATING HORMONE (TSH)_missing,1,both,0.0,1.0,cluster
Thyroid_Abnormal,THYROID STIMULATING HORMONE (TSH)_missing,2,both,0.0,1.0,cluster
Thyroid_Abnormal,THYROID STIMULATING HORMONE (TSH)_missing,3,both,0.0,1.0,cluster
Thyroid_Abnormal,THYROID STIMULATING HORMONE (TSH)_missing,4,both,0.0,0.1,cluster
Thyroid_Abnormal,TOTAL TRIIODOTHYRONINE (T3),0,both,0.6,114.2,cluster
Thyroid_Abnormal,TOTAL TRIIODOTHYRONINE (T3),1,both,0.91,134.6195,cluster
Thyroid_Abnormal,TOTAL TRIIODOTHYRONINE (T3),2,both,0.86,130.0,cluster
Thyroid_Abnormal,TOTAL TRIIODOTHYRONINE (T3),3,both,1.08,114.3635,cluster
Thyroid_Abnormal,TOTAL TRIIODOTHYRONINE (T3),4,both,1.199,77.2,cluster
Thyroid_Abnormal,TOTAL TRIIODOTHYRONINE (T3)_missing,0,both,0.0,1.0,cluster
Thyroid_Abnormal,TOTAL TRIIODOTHYRONINE (T3)_missing,1,both,0.0,1.0,cluster
Thyroid_Abnormal,TOTAL TRIIODOTHYRONINE (T3)_missing,2,both,0.0,1.0,cluster
Thyroid_Abnormal,TOTAL TRIIODOTHYRONINE (T3)_missing,3,both,0.0,1.0,cluster
Thyroid_Abnormal,TOTAL TRIIODOTHYRONINE (T3)_missing,4,both,0.0,1.0,cluster
Thyroid_Abnormal,TOTAL THYROXINE (T4),0,both,4.8,10.5905,cluster
Thyroid_Abnormal,TOTAL THYROXINE (T4),1,both,5.6,11.0,cluster
Thyroid_Abnormal,TOTAL THYROXINE (T4),2,both,5.8,11.46,cluster
Thyroid_Abnormal,TOTAL THYROXINE (T4),3,both,6.8,9.9335,cluster
Thyroid_Abnormal,TOTAL THYROXINE (T4),4,both,5.19,10.77,cluster
Thyroid_Abnormal,TOTAL THYROXINE (T4)_missing,0,both,0.0,1.0,cluster
Thyroid_Abnormal,TOTAL THYROXINE (T4)_missing,1,both,0.0,1.0,cluster
Thyroid_Abnormal,TOTAL THYROXINE (T4)_missing,2,both,0.0,1.0,cluster
Thyroid_Abnormal,TOTAL THYROXINE (T4)_missing,3,both,0.0,1.0,cluster
Thyroid_Abnormal,TOTAL THYROXINE (T4)_missing,4,both,0.0,1.0,cluster
Thyroid_Abnormal,THYROID STIMULATING HORMONE (TSH),0,both,0.7557,10.17,cluster
Thyroid_Abnormal,THYROID STIMULATING HORMONE (TSH),1,both,1.01,7.99,cluster
Thyroid_Abnormal,THYROID STIMULATING HORMONE (TSH),2,both,0.88,7.8305,cluster
Thyroid_Abnormal,THYROID STIMULATING HORMONE (TSH),3,both,1.04,7.47,cluster
Thyroid_Abnormal,THYROID STIMULATING HORMONE (TSH),4,both,0.993,40.3,cluster
Thyroid_Abnormal,THYROID STIMULATING HORMONE (TSH)_missing,0,both,0.0,1.0,cluster
Thyroid_Abnormal,THYROID STIMULATING HORMONE (TSH)_missing,1,both,0.0,1.0,cluster
Thyroid_Abnormal,THYROID STIMULATING HORMONE (TSH)_missing,2,both,0.0,1.0,cluster
Thyroid_Abnormal,THYROID STIMULATING HORMONE (TSH)_missing,3,both,0.0,1.0,cluster
Thyroid_Abnormal,THYROID STIMULATING HORMONE (TSH)_missing,4,both,0.0,0.1,cluster
