test,cluster,lower_5th,upper_95th
Hemoglobin,0,7.1,14.4
Hemoglobin,1,11.8,16.7
Hemoglobin,2,9.2,15.1
Hemoglobin,3,10.8,16.3
Hemoglobin,4,11.09,15.7
RBC Count,0,2.4395,5.15
RBC Count,1,4.08,5.86
RBC Count,2,3.6,5.59
RBC Count,3,4.0,5.76
RBC Count,4,3.6,5.6819999999999995
MCV,0,76.495,102.205
MCV,1,78.6,102.0
MCV,2,67.4095,99.3
MCV,3,73.0,95.9
MCV,4,86.75,91.22
MCH,0,24.3,32.9
MCH,1,25.2,33.4
MCH,2,20.4,32.3
MCH,3,23.1,32.0
MCH,4,28.6,30.959999999999994
MCHC,0,29.1,34.6015
MCHC,1,29.2,35.1
MCHC,2,28.2,34.6
MCHC,3,30.3,35.1
MCHC,4,30.59,34.64
MCHC,0,29.1,34.6015
MCHC,1,29.2,35.1
MCHC,2,28.2,34.6
MCHC,3,30.3,35.1
MCHC,4,30.59,34.64
HbA1c,0,5.095,9.5
HbA1c,1,5.1,9.8
HbA1c,2,5.0,9.2
HbA1c,3,5.0,9.9
HbA1c,4,5.2,10.239999999999997
HbA1c_missing,0,0.0,1.0
HbA1c_missing,1,0.0,1.0
HbA1c_missing,2,0.0,1.0
HbA1c_missing,3,0.0,1.0
HbA1c_missing,4,0.0,1.0
Estimated Average Glucose (eAG),0,97.0,226.14099999999988
Estimated Average Glucose (eAG),1,97.0,240.0
Estimated Average Glucose (eAG),2,96.8,217.34
Estimated Average Glucose (eAG),3,99.67,237.43
Estimated Average Glucose (eAG),4,107.10799999999999,273.3999999999999
Glucose Fasting,0,72.0,232.14999999999986
Glucose Fasting,1,80.0,197.31299999999982
Glucose Fasting,2,79.21,172.60399999999993
Glucose Fasting,3,80.0,210.0
Glucose Fasting,4,83.9,381.0514042982718
Estimated Average Glucose (eAG)_missing,0,0.0,1.0
Estimated Average Glucose (eAG)_missing,1,0.0,1.0
Estimated Average Glucose (eAG)_missing,2,0.0,1.0
Estimated Average Glucose (eAG)_missing,3,0.0,1.0
Estimated Average Glucose (eAG)_missing,4,0.0,1.0
Glucose Fasting_missing,0,0.0,1.0
Glucose Fasting_missing,1,0.0,1.0
Glucose Fasting_missing,2,0.0,1.0
Glucose Fasting_missing,3,0.0,1.0
Glucose Fasting_missing,4,0.0,1.0
HDL Cholesterol,0,24.294,62.129999999999974
HDL Cholesterol,1,28.319000000000003,60.0
HDL Cholesterol,2,29.8585,66.0
HDL Cholesterol,3,30.0,62.22099999999991
HDL Cholesterol,4,29.0,73.1
LDL Cholesterol,0,36.91,153.04299999999995
LDL Cholesterol,1,76.5,185.52399999999994
LDL Cholesterol,2,41.0,131.0
LDL Cholesterol,3,59.8,178.0
LDL Cholesterol,4,60.96,155.49999999999997
Non HDL Cholesterol,0,56.0,183.0
Non HDL Cholesterol,1,118.0,222.0
Non HDL Cholesterol,2,65.7965,150.0
Non HDL Cholesterol,3,88.3,208.23499999999984
Non HDL Cholesterol,4,95.7,176.2
TC/ HDL CHOLESTEROL RATIO,0,2.38,6.050999999999999
TC/ HDL CHOLESTEROL RATIO,1,3.5,7.3
TC/ HDL CHOLESTEROL RATIO,2,2.3,4.82
TC/ HDL CHOLESTEROL RATIO,3,2.74,6.51
TC/ HDL CHOLESTEROL RATIO,4,2.89,5.8199999999999985
TOTAL CHOLESTEROL,0,87.0,241.04499999999996
TOTAL CHOLESTEROL,1,149.6915,275.0
TOTAL CHOLESTEROL,2,101.0,209.0
TOTAL CHOLESTEROL,3,124.0,262.5
TOTAL CHOLESTEROL,4,127.9,225.2
VLDL CHOLESTEROL,0,12.2,58.724
VLDL CHOLESTEROL,1,17.0,78.10199999999996
VLDL CHOLESTEROL,2,11.2,45.8
VLDL CHOLESTEROL,3,12.4,54.4
VLDL CHOLESTEROL,4,12.9,60.39999999999998
Non HDL Cholesterol_missing,0,0.0,1.0
Non HDL Cholesterol_missing,1,0.0,1.0
Non HDL Cholesterol_missing,2,0.0,1.0
Non HDL Cholesterol_missing,3,0.0,1.0
Non HDL Cholesterol_missing,4,0.0,0.0
LDL / HDL RATIO,0,1.0,3.751999999999998
LDL / HDL RATIO,1,1.9,4.7
LDL / HDL RATIO,2,0.97,3.0
LDL / HDL RATIO,3,1.36,4.29
LDL / HDL RATIO,4,2.43,2.43
LDL Cholesterol,0,36.91,153.04299999999995
LDL Cholesterol,1,76.5,185.52399999999994
LDL Cholesterol,2,41.0,131.0
LDL Cholesterol,3,59.8,178.0
LDL Cholesterol,4,60.96,155.49999999999997
VLDL CHOLESTEROL,0,12.2,58.724
VLDL CHOLESTEROL,1,17.0,78.10199999999996
VLDL CHOLESTEROL,2,11.2,45.8
VLDL CHOLESTEROL,3,12.4,54.4
VLDL CHOLESTEROL,4,12.9,60.39999999999998
LDL / HDL RATIO_missing,0,0.0,1.0
LDL / HDL RATIO_missing,1,0.0,1.0
LDL / HDL RATIO_missing,2,0.0,1.0
LDL / HDL RATIO_missing,3,0.0,1.0
LDL / HDL RATIO_missing,4,0.0,1.0
Triglycerides,0,59.57,308.14999999999986
Triglycerides,1,83.0,424.4049999999999
Triglycerides,2,55.2,235.0
Triglycerides,3,61.0,315.0
Triglycerides,4,59.8,278.39999999999986
VLDL CHOLESTEROL,0,12.2,58.724
VLDL CHOLESTEROL,1,17.0,78.10199999999996
VLDL CHOLESTEROL,2,11.2,45.8
VLDL CHOLESTEROL,3,12.4,54.4
VLDL CHOLESTEROL,4,12.9,60.39999999999998
HDL Cholesterol,0,24.294,62.129999999999974
HDL Cholesterol,1,28.319000000000003,60.0
HDL Cholesterol,2,29.8585,66.0
HDL Cholesterol,3,30.0,62.22099999999991
HDL Cholesterol,4,29.0,73.1
LDL / HDL RATIO,0,1.0,3.751999999999998
LDL / HDL RATIO,1,1.9,4.7
LDL / HDL RATIO,2,0.97,3.0
LDL / HDL RATIO,3,1.36,4.29
LDL / HDL RATIO,4,2.43,2.43
Non HDL Cholesterol,0,56.0,183.0
Non HDL Cholesterol,1,118.0,222.0
Non HDL Cholesterol,2,65.7965,150.0
Non HDL Cholesterol,3,88.3,208.23499999999984
Non HDL Cholesterol,4,95.7,176.2
TC/ HDL CHOLESTEROL RATIO,0,2.38,6.050999999999999
TC/ HDL CHOLESTEROL RATIO,1,3.5,7.3
TC/ HDL CHOLESTEROL RATIO,2,2.3,4.82
TC/ HDL CHOLESTEROL RATIO,3,2.74,6.51
TC/ HDL CHOLESTEROL RATIO,4,2.89,5.8199999999999985
LDL / HDL RATIO_missing,0,0.0,1.0
LDL / HDL RATIO_missing,1,0.0,1.0
LDL / HDL RATIO_missing,2,0.0,1.0
LDL / HDL RATIO_missing,3,0.0,1.0
LDL / HDL RATIO_missing,4,0.0,1.0
Non HDL Cholesterol_missing,0,0.0,1.0
Non HDL Cholesterol_missing,1,0.0,1.0
Non HDL Cholesterol_missing,2,0.0,1.0
Non HDL Cholesterol_missing,3,0.0,1.0
Non HDL Cholesterol_missing,4,0.0,0.0
BUN / SR.CREATININE RATIO,0,5.9895000000000005,24.376999999999995
BUN / SR.CREATININE RATIO,1,8.72,19.800499999999992
BUN / SR.CREATININE RATIO,2,9.6,21.5
BUN / SR.CREATININE RATIO,3,9.46,19.85
BUN / SR.CREATININE RATIO,4,13.7,13.7
Creatinine,0,0.8,13.028749999999997
Creatinine,1,0.59,1.2
Creatinine,2,0.52,1.21
Creatinine,3,0.5,1.1
Creatinine,4,0.6,1.2179999999999995
BUN / SR.CREATININE RATIO_missing,0,0.0,1.0
BUN / SR.CREATININE RATIO_missing,1,0.0,1.0
BUN / SR.CREATININE RATIO_missing,2,0.0,1.0
BUN / SR.CREATININE RATIO_missing,3,0.0,1.0
BUN / SR.CREATININE RATIO_missing,4,1.0,1.0
Creatinine_missing,0,0.0,1.0
Creatinine_missing,1,0.0,1.0
Creatinine_missing,2,0.0,1.0
Creatinine_missing,3,0.0,1.0
Creatinine_missing,4,0.0,0.0
BLOOD UREA NITROGEN (BUN),0,10.54,62.5510068994879
BLOOD UREA NITROGEN (BUN),1,7.0,16.7
BLOOD UREA NITROGEN (BUN),2,6.9,18.0
BLOOD UREA NITROGEN (BUN),3,6.4,16.053499999999985
BLOOD UREA NITROGEN (BUN),4,10.475999999999999,10.54
BUN / SR.CREATININE RATIO,0,5.9895000000000005,24.376999999999995
BUN / SR.CREATININE RATIO,1,8.72,19.800499999999992
BUN / SR.CREATININE RATIO,2,9.6,21.5
BUN / SR.CREATININE RATIO,3,9.46,19.85
BUN / SR.CREATININE RATIO,4,13.7,13.7
BLOOD UREA NITROGEN (BUN)_missing,0,0.0,1.0
BLOOD UREA NITROGEN (BUN)_missing,1,0.0,1.0
BLOOD UREA NITROGEN (BUN)_missing,2,0.0,1.0
BLOOD UREA NITROGEN (BUN)_missing,3,0.0,1.0
BLOOD UREA NITROGEN (BUN)_missing,4,0.0,1.0
BUN / SR.CREATININE RATIO_missing,0,0.0,1.0
BUN / SR.CREATININE RATIO_missing,1,0.0,1.0
BUN / SR.CREATININE RATIO_missing,2,0.0,1.0
BUN / SR.CREATININE RATIO_missing,3,0.0,1.0
BUN / SR.CREATININE RATIO_missing,4,1.0,1.0
BLOOD UREA NITROGEN (BUN),0,10.54,62.5510068994879
BLOOD UREA NITROGEN (BUN),1,7.0,16.7
BLOOD UREA NITROGEN (BUN),2,6.9,18.0
BLOOD UREA NITROGEN (BUN),3,6.4,16.053499999999985
BLOOD UREA NITROGEN (BUN),4,10.475999999999999,10.54
Urea,0,22.7,173.04999999999995
Urea,1,15.8,34.2
Urea,2,15.0395,37.2
Urea,3,14.1,32.6
Urea,4,11.9,281.9999999999999
BLOOD UREA NITROGEN (BUN)_missing,0,0.0,1.0
BLOOD UREA NITROGEN (BUN)_missing,1,0.0,1.0
BLOOD UREA NITROGEN (BUN)_missing,2,0.0,1.0
BLOOD UREA NITROGEN (BUN)_missing,3,0.0,1.0
BLOOD UREA NITROGEN (BUN)_missing,4,0.0,1.0
Urea_missing,0,0.0,1.0
Urea_missing,1,0.0,1.0
Urea_missing,2,0.0,1.0
Urea_missing,3,0.0,1.0
Urea_missing,4,0.0,1.0
Uric Acid,0,3.7,10.000499999999999
Uric Acid,1,3.73,8.0
Uric Acid,2,3.03,7.03
Uric Acid,3,3.3,7.2
Uric Acid,4,3.3,8.4
Uric Acid_missing,0,0.0,1.0
Uric Acid_missing,1,0.0,1.0
Uric Acid_missing,2,0.0,1.0
Uric Acid_missing,3,0.0,1.0
Uric Acid_missing,4,0.0,0.0
EST. GLOMERULAR FILTRATION RATE (eGFR),0,18.341609029467364,105.0
EST. GLOMERULAR FILTRATION RATE (eGFR),1,81.0,122.0
EST. GLOMERULAR FILTRATION RATE (eGFR),2,74.0,122.0
EST. GLOMERULAR FILTRATION RATE (eGFR),3,82.0,149.0
EST. GLOMERULAR FILTRATION RATE (eGFR),4,103.49900000000001,105.0
EST. GLOMERULAR FILTRATION RATE (eGFR)_missing,0,0.0,1.0
EST. GLOMERULAR FILTRATION RATE (eGFR)_missing,1,0.0,1.0
EST. GLOMERULAR FILTRATION RATE (eGFR)_missing,2,0.0,1.0
EST. GLOMERULAR FILTRATION RATE (eGFR)_missing,3,0.0,1.0
EST. GLOMERULAR FILTRATION RATE (eGFR)_missing,4,0.0,1.0
AST/ALT Ratio,0,0.8,1.8714999999999988
AST/ALT Ratio,1,0.6,1.24
AST/ALT Ratio,2,0.81,1.55
AST/ALT Ratio,3,0.6,1.51
AST/ALT Ratio,4,0.98,0.98
SGPT (ALT),0,8.1285,63.66999999999994
SGPT (ALT),1,13.209500000000002,96.50249999999997
SGPT (ALT),2,10.1,51.0
SGPT (ALT),3,11.0,60.6
SGPT (ALT),4,11.280000000000001,63.69999999999996
AST/ALT Ratio_missing,0,0.0,1.0
AST/ALT Ratio_missing,1,0.0,1.0
AST/ALT Ratio_missing,2,0.0,1.0
AST/ALT Ratio_missing,3,0.0,1.0
AST/ALT Ratio_missing,4,1.0,1.0
ASPARTATE AMINOTRANSFERASE (SGOT ),0,11.995000000000001,52.80999999999999
ASPARTATE AMINOTRANSFERASE (SGOT ),1,16.0,64.00399999999995
ASPARTATE AMINOTRANSFERASE (SGOT ),2,14.2,43.0
ASPARTATE AMINOTRANSFERASE (SGOT ),3,14.2,39.134999999999856
ASPARTATE AMINOTRANSFERASE (SGOT ),4,13.95,54.29999999999998
AST/ALT Ratio,0,0.8,1.8714999999999988
AST/ALT Ratio,1,0.6,1.24
AST/ALT Ratio,2,0.81,1.55
AST/ALT Ratio,3,0.6,1.51
AST/ALT Ratio,4,0.98,0.98
Glucose Fasting,0,72.0,232.14999999999986
Glucose Fasting,1,80.0,197.31299999999982
Glucose Fasting,2,79.21,172.60399999999993
Glucose Fasting,3,80.0,210.0
Glucose Fasting,4,83.9,381.0514042982718
ASPARTATE AMINOTRANSFERASE (SGOT )_missing,0,0.0,1.0
ASPARTATE AMINOTRANSFERASE (SGOT )_missing,1,0.0,1.0
ASPARTATE AMINOTRANSFERASE (SGOT )_missing,2,0.0,1.0
ASPARTATE AMINOTRANSFERASE (SGOT )_missing,3,0.0,1.0
ASPARTATE AMINOTRANSFERASE (SGOT )_missing,4,0.0,0.0
AST/ALT Ratio_missing,0,0.0,1.0
AST/ALT Ratio_missing,1,0.0,1.0
AST/ALT Ratio_missing,2,0.0,1.0
AST/ALT Ratio_missing,3,0.0,1.0
AST/ALT Ratio_missing,4,1.0,1.0
Glucose Fasting_missing,0,0.0,1.0
Glucose Fasting_missing,1,0.0,1.0
Glucose Fasting_missing,2,0.0,1.0
Glucose Fasting_missing,3,0.0,1.0
Glucose Fasting_missing,4,0.0,1.0
GAMMA GLUTAMYL TRANSFERASE (GGT),0,11.582,98.0
GAMMA GLUTAMYL TRANSFERASE (GGT),1,14.5,95.50499999999992
GAMMA GLUTAMYL TRANSFERASE (GGT),2,11.0,54.0
GAMMA GLUTAMYL TRANSFERASE (GGT),3,13.0,60.43499999999985
GAMMA GLUTAMYL TRANSFERASE (GGT),4,15.560000000000002,24.399999999999977
GAMMA GLUTAMYL TRANSFERASE (GGT)_missing,0,0.0,1.0
GAMMA GLUTAMYL TRANSFERASE (GGT)_missing,1,0.0,1.0
GAMMA GLUTAMYL TRANSFERASE (GGT)_missing,2,0.0,1.0
GAMMA GLUTAMYL TRANSFERASE (GGT)_missing,3,0.0,1.0
GAMMA GLUTAMYL TRANSFERASE (GGT)_missing,4,0.0,1.0
Bilirubin Direct,0,0.07,0.5209999999999991
Bilirubin Direct,1,0.09,0.4
Bilirubin Direct,2,0.09,0.4
Bilirubin Direct,3,0.1,0.4
Bilirubin Direct,4,0.149,0.3439999999999998
Bilirubin Indirect,0,0.1,0.8004999999999995
Bilirubin Indirect,1,0.2,1.01
Bilirubin Indirect,2,0.14,0.8
Bilirubin Indirect,3,0.18,0.95
Bilirubin Indirect,4,0.4,0.578999999999999
Bilirubin Total,0,0.21,1.1619999999999981
Bilirubin Total,1,0.32,1.33
Bilirubin Total,2,0.3,1.12
Bilirubin Total,3,0.3,1.33
Bilirubin Total,4,0.5030000000000001,15.61447928685906
ALKALINE PHOSPHATASE,0,53.0,226.14999999999986
ALKALINE PHOSPHATASE,1,53.7,144.90399999999994
ALKALINE PHOSPHATASE,2,50.5,143.0
ALKALINE PHOSPHATASE,3,51.3,124.72449999999989
ALKALINE PHOSPHATASE,4,74.15,84.0
ALKALINE PHOSPHATASE_missing,0,0.0,1.0
ALKALINE PHOSPHATASE_missing,1,0.0,1.0
ALKALINE PHOSPHATASE_missing,2,0.0,1.0
ALKALINE PHOSPHATASE_missing,3,0.0,1.0
ALKALINE PHOSPHATASE_missing,4,0.0,1.0
THYROID STIMULATING HORMONE (TSH),0,0.7557,10.17
THYROID STIMULATING HORMONE (TSH),1,1.01,7.99
THYROID STIMULATING HORMONE (TSH),2,0.88,7.830499999999993
THYROID STIMULATING HORMONE (TSH),3,1.04,7.47
THYROID STIMULATING HORMONE (TSH),4,0.993,40.299999999999926
THYROID STIMULATING HORMONE (TSH)_missing,0,0.0,1.0
THYROID STIMULATING HORMONE (TSH)_missing,1,0.0,1.0
THYROID STIMULATING HORMONE (TSH)_missing,2,0.0,1.0
THYROID STIMULATING HORMONE (TSH)_missing,3,0.0,1.0
THYROID STIMULATING HORMONE (TSH)_missing,4,0.0,0.09999999999999432
TOTAL TRIIODOTHYRONINE (T3),0,0.6,114.2
TOTAL TRIIODOTHYRONINE (T3),1,0.91,134.61949999999987
TOTAL TRIIODOTHYRONINE (T3),2,0.86,130.0
TOTAL TRIIODOTHYRONINE (T3),3,1.08,114.36349999999999
TOTAL TRIIODOTHYRONINE (T3),4,1.199,77.19999999999999
TOTAL TRIIODOTHYRONINE (T3)_missing,0,0.0,1.0
TOTAL TRIIODOTHYRONINE (T3)_missing,1,0.0,1.0
TOTAL TRIIODOTHYRONINE (T3)_missing,2,0.0,1.0
TOTAL TRIIODOTHYRONINE (T3)_missing,3,0.0,1.0
TOTAL TRIIODOTHYRONINE (T3)_missing,4,0.0,1.0
TOTAL THYROXINE (T4),0,4.8,10.590499999999999
TOTAL THYROXINE (T4),1,5.6,11.0
TOTAL THYROXINE (T4),2,5.8,11.46
TOTAL THYROXINE (T4),3,6.8,9.933499999999984
TOTAL THYROXINE (T4),4,5.19,10.769999999999996
TOTAL THYROXINE (T4)_missing,0,0.0,1.0
TOTAL THYROXINE (T4)_missing,1,0.0,1.0
TOTAL THYROXINE (T4)_missing,2,0.0,1.0
TOTAL THYROXINE (T4)_missing,3,0.0,1.0
TOTAL THYROXINE (T4)_missing,4,0.0,1.0
THYROID STIMULATING HORMONE (TSH),0,0.7557,10.17
THYROID STIMULATING HORMONE (TSH),1,1.01,7.99
THYROID STIMULATING HORMONE (TSH),2,0.88,7.830499999999993
THYROID STIMULATING HORMONE (TSH),3,1.04,7.47
THYROID STIMULATING HORMONE (TSH),4,0.993,40.299999999999926
THYROID STIMULATING HORMONE (TSH)_missing,0,0.0,1.0
THYROID STIMULATING HORMONE (TSH)_missing,1,0.0,1.0
THYROID STIMULATING HORMONE (TSH)_missing,2,0.0,1.0
THYROID STIMULATING HORMONE (TSH)_missing,3,0.0,1.0
THYROID STIMULATING HORMONE (TSH)_missing,4,0.0,0.09999999999999432
