Model,Anaemia,Diabetes_Risk,Dyslipidemia,Kidney_Risk,Liver_Stress,Thyroid_Abnormal,Hamming_Loss,Subset_Accuracy,Micro_F1,Macro_F1
AdaBoost,0.335558594064184,0.3634680654119099,0.3520371044016006,0.3760388381469596,0.4891673746813934,0.4410161360662887,0.4336133473340334,0.0272013600680034,0.4019081556411288,0.3928810187953893
KNN,0.3249542200765773,0.2538305868748193,0.3716245442748563,0.3775939237759392,0.4794207741576162,0.4462295638400181,0.431313232328283,0.0526526326316315,0.394628800018715,0.375608935499971
LGBM_weighted,0.4229035166816952,0.4220453875626289,0.4094844395912955,0.4256480218281037,0.5354776366648261,0.4819228165199729,0.280414020701035,0.1627081354067703,0.4606655125985766,0.4495803031414203
RF_balanced,0.4495872242522669,0.4170277848585266,0.4339413632671147,0.44598225189286,0.5639375147185808,0.5185392472366027,0.2771888594429721,0.232561628081404,0.4816656017703252,0.471502564370992
RF_base,0.4475439660400243,0.4087054833239118,0.4321454283657307,0.4496750049241678,0.5628479343685907,0.5155783891282731,0.2454122706135307,0.3047152357617881,0.484453781512605,0.4694160343584497
RF_tuned,0.4033370768490293,0.3924972004479283,0.4100132162015082,0.431918008784773,0.544428342613073,0.4957379991027366,0.2700385019250962,0.1894594729736486,0.4606780845858091,0.4463219739998414
SVM,0.3304514889529298,0.3344262295081967,0.3565902787914173,0.3656477915266737,0.4907153340565375,0.4456455793944073,0.350909212127273,0.104705235261763,0.4066009949407404,0.3872461170383603
XGB_SMOTE,0.4246411483253589,0.4173184357541899,0.4068868002994261,0.4234244040491999,0.5342191627311295,0.4762362747455317,0.2559794656399486,0.2154107705385269,0.4558531746031746,0.4471210376508061
XGB_weighted,0.4201980841045624,0.4092289010321797,0.3998690027836908,0.4256954982296408,0.5352735029712022,0.4722323313196011,0.2656382819140957,0.1928096404820241,0.4543540407758015,0.4437495534068128
